img_id,label,prediction,probability
PAT_1273_952_89,0,0,0.0
PAT_110_165_583,1,1,1.0
PAT_963_1819_298,1,1,1.0
PAT_1582_2574_890,0,0,0.0
PAT_809_1527_202,1,1,1.0
PAT_547_1033_445,1,1,1.0
PAT_386_784_470,1,1,1.0
PAT_148_220_174,0,0,0.0
PAT_817_1537_643,1,1,1.0
PAT_613_1164_827,1,1,1.0
PAT_2056_4364_112,0,0,0.0
PAT_904_1737_511,1,1,1.0
PAT_2115_4613_260,0,0,0.0
PAT_404_805_575,0,0,0.0
PAT_143_213_489,1,1,1.0
PAT_521_984_412,1,1,1.0
PAT_194_298_367,0,0,0.0
PAT_386_1554_362,1,1,1.0
PAT_447_873_329,1,1,1.0
PAT_185_285_862,1,1,1.0
PAT_380_774_185,0,0,0.0
PAT_123_187_164,1,1,1.0
PAT_877_4672_612,0,0,0.0
PAT_1141_526_416,0,0,0.0
PAT_666_1268_870,1,1,1.0
PAT_666_1271_645,1,1,1.0
PAT_1492_1705_578,0,0,0.0
PAT_262_402_14,1,1,1.0
PAT_101_1041_658,1,1,1.0
PAT_917_1735_936,0,0,0.0
PAT_872_1709_526,0,0,0.0
PAT_842_1606_720,1,1,1.0
PAT_355_732_102,1,1,1.0
PAT_837_1583_124,1,1,1.0
PAT_158_621_68,0,0,0.0
PAT_478_916_979,1,1,1.0
PAT_369_756_130,1,1,1.0
PAT_1543_4346_860,0,0,0.0
PAT_309_663_812,0,0,0.0
PAT_641_3704_317,0,0,0.0
PAT_401_4594_970,0,0,0.0
PAT_1535_1812_660,0,0,0.0
PAT_996_6_886,0,0,0.0
PAT_136_203_436,1,1,1.0
PAT_296_640_206,1,1,1.0
PAT_1020_111_593,0,0,0.0
PAT_2043_4308_681,0,0,0.0
PAT_780_1473_791,1,1,1.0
PAT_473_911_610,1,1,1.0
PAT_846_1607_895,0,0,0.0
PAT_337_706_254,1,1,1.0
PAT_233_354_935,1,1,1.0
PAT_968_1835_721,1,1,1.0
PAT_576_1089_435,1,1,1.0
PAT_1636_2869_739,0,0,0.0
PAT_920_1748_942,0,0,0.0
PAT_1503_1728_65,0,0,0.0
PAT_2160_4814_243,0,0,0.0
PAT_456_888_961,1,1,1.0
PAT_880_1674_223,0,0,0.0
PAT_1605_2715_845,0,0,0.0
PAT_690_1309_217,1,1,1.0
PAT_800_1513_509,1,1,1.0
PAT_1139_523_682,0,0,0.0
PAT_188_289_859,1,1,1.0
PAT_1800_3460_206,0,0,0.0
PAT_346_720_265,1,1,1.0
PAT_490_933_352,1,1,1.0
PAT_378_769_36,1,1,1.0
PAT_383_779_429,1,1,1.0
PAT_464_899_646,1,1,1.0
PAT_1591_2648_723,0,0,0.0
PAT_531_1004_792,1,1,1.0
PAT_1460_1598_959,0,0,0.0
PAT_796_1510_130,1,1,1.0
PAT_2071_4433_848,0,0,0.0
PAT_1420_1460_951,0,0,0.0
PAT_737_1394_936,1,1,1.0
PAT_300_1689_862,0,0,0.0
PAT_1393_1356_371,0,0,0.0
PAT_610_1156_461,1,1,1.0
PAT_1276_957_406,0,0,0.0
PAT_2151_4779_515,0,0,0.0
PAT_600_1141_988,1,1,1.0
PAT_261_401_911,1,1,1.0
PAT_409_812_974,1,1,1.0
PAT_717_1347_899,1,1,1.0
PAT_1284_995_150,0,0,0.0
PAT_756_1496_480,0,0,0.0
PAT_1455_1585_690,0,0,0.0
PAT_605_1152_536,1,1,1.0
PAT_420_834_948,0,0,0.0
PAT_49_75_326,1,1,1.0
PAT_553_1049_461,1,1,1.0
PAT_277_426_825,1,1,1.0
PAT_289_1399_481,0,0,0.0
PAT_1349_1229_828,0,0,0.0
PAT_1407_1402_347,0,0,0.0
PAT_465_901_106,0,0,0.0
PAT_771_1489_345,1,1,1.0
PAT_974_1842_574,1,1,1.0
PAT_1735_3242_27,0,0,0.0
PAT_1571_2484_488,0,0,0.0
PAT_935_1785_530,1,1,1.0
PAT_1407_1402_500,0,0,0.0
PAT_730_1385_585,1,1,1.0
PAT_1161_578_233,0,0,0.0
PAT_97_151_503,1,1,1.0
PAT_908_1726_939,1,1,1.0
PAT_1324_1145_309,0,0,0.0
PAT_313_669_935,1,1,1.0
PAT_411_815_692,0,0,0.0
PAT_172_267_557,1,1,1.0
PAT_1762_3332_245,0,0,0.0
PAT_1176_631_36,0,0,0.0
PAT_493_1862_360,1,1,1.0
PAT_774_1462_821,1,1,1.0
PAT_1730_3236_7,0,0,0.0
PAT_625_1184_412,0,0,0.0
PAT_1022_115_132,0,0,0.0
PAT_707_1327_245,0,0,0.0
PAT_1377_3512_370,0,0,0.0
PAT_856_1626_523,1,1,1.0
PAT_1350_1230_878,0,0,0.0
PAT_781_1474_517,1,1,1.0
PAT_362_744_283,1,1,1.0
PAT_494_939_518,1,1,1.0
PAT_185_285_97,1,1,1.0
PAT_53_81_522,1,1,1.0
PAT_824_1560_801,1,1,1.0
PAT_721_1365_142,1,1,1.0
PAT_122_869_60,1,1,1.0
PAT_880_1673_410,0,0,0.0
PAT_123_186_718,1,1,1.0
PAT_422_837_617,1,1,1.0
PAT_1304_3507_308,0,0,0.0
PAT_1102_408_613,0,0,0.0
PAT_342_716_845,1,1,1.0
PAT_1065_276_231,0,0,0.0
PAT_516_966_57,1,1,1.0
PAT_63_99_736,1,1,1.0
PAT_681_1299_458,1,1,1.0
PAT_1197_713_520,0,0,0.0
PAT_738_1397_195,1,1,1.0
PAT_837_1582_714,1,1,1.0
PAT_705_4015_413,0,0,0.0
PAT_2119_4625_733,0,0,0.0
PAT_441_2868_663,0,0,0.0
PAT_1746_3284_798,0,0,0.0
PAT_412_818_61,0,0,0.0
PAT_361_1568_456,1,1,1.0
PAT_980_1849_295,1,1,1.0
PAT_824_1561_796,0,0,0.0
PAT_166_3672_759,0,0,0.0
PAT_1728_3234_404,0,0,0.0
PAT_845_1604_313,1,1,1.0
PAT_1937_3897_131,0,0,0.0
PAT_1981_4023_673,0,0,0.0
PAT_898_1706_496,0,0,0.0
PAT_1584_2610_223,0,0,0.0
PAT_497_943_580,1,1,1.0
PAT_612_1163_833,1,1,1.0
PAT_895_1699_872,1,1,1.0
PAT_265_407_421,1,1,1.0
PAT_300_647_501,1,1,1.0
PAT_1215_752_707,0,0,0.0
PAT_886_1684_297,0,0,0.0
PAT_1730_3236_201,0,0,0.0
PAT_1090_376_384,0,0,0.0
PAT_959_1813_1000,1,1,1.0
PAT_887_1688_436,1,1,1.0
PAT_356_4511_960,0,0,0.0
PAT_524_987_738,1,1,1.0
PAT_1506_1735_733,0,0,0.0
PAT_272_420_10,1,1,1.0
PAT_710_1330_243,1,1,1.0
PAT_46_880_140,1,1,1.0
PAT_1371_1276_145,0,0,0.0
PAT_356_735_568,1,1,1.0
PAT_1631_2837_667,0,0,0.0
PAT_771_1490_334,1,1,1.0
PAT_98_152_562,1,1,1.0
PAT_1807_3481_801,0,0,0.0
PAT_90_138_605,1,1,1.0
PAT_366_2448_563,0,0,0.0
PAT_214_329_70,1,1,1.0
PAT_851_1623_506,0,0,0.0
PAT_1881_3711_217,0,0,0.0
PAT_872_1708_841,0,0,0.0
PAT_1107_427_352,0,0,0.0
PAT_409_2614_805,0,0,0.0
PAT_704_1324_359,0,0,0.0
PAT_1801_3459_857,0,0,0.0
PAT_2077_4463_77,0,0,0.0
PAT_63_99_189,1,1,1.0
PAT_337_1697_721,0,0,0.0
PAT_96_150_743,1,1,1.0
PAT_1414_1429_59,0,0,0.0
PAT_456_887_499,1,1,1.0
PAT_999_20_540,0,0,0.0
PAT_673_1276_752,0,0,0.0
PAT_1453_1566_310,0,0,0.0
PAT_829_1566_135,1,1,1.0
PAT_480_921_1,1,1,1.0
PAT_1063_268_919,0,0,0.0
PAT_380_1540_432,1,1,1.0
PAT_388_1590_328,1,1,1.0
PAT_931_1762_69,0,0,0.0
PAT_464_1794_271,1,1,1.0
PAT_949_1802_582,1,1,1.0
PAT_838_1585_979,1,1,1.0
PAT_1861_3648_959,0,0,0.0
PAT_235_360_50,1,1,1.0
PAT_229_349_141,1,1,1.0
PAT_971_1847_99,0,0,0.0
PAT_577_1107_61,0,0,0.0
PAT_315_673_227,1,1,1.0
PAT_334_703_907,1,1,1.0
PAT_1286_999_824,0,0,0.0
PAT_1061_254_813,0,0,0.0
PAT_1390_1346_709,0,0,0.0
PAT_1402_1376_160,0,0,0.0
PAT_645_1300_463,1,1,1.0
PAT_744_1405_742,1,1,1.0
PAT_1803_3463_639,0,0,0.0
PAT_630_1196_710,1,1,1.0
PAT_115_1138_870,1,1,1.0
PAT_906_1722_328,1,1,1.0
PAT_1588_2629_296,0,0,0.0
PAT_2076_4459_450,0,0,0.0
PAT_345_719_815,0,0,0.0
PAT_178_276_465,1,1,1.0
PAT_2125_4653_497,0,0,0.0
PAT_715_4073_115,0,0,0.0
PAT_482_924_134,1,1,1.0
PAT_975_4734_783,0,0,0.0
PAT_1376_1297_686,0,0,0.0
PAT_806_1519_527,1,1,1.0
PAT_154_237_2,1,1,1.0
PAT_38_1003_226,0,0,0.0
PAT_492_4723_890,0,0,0.0
PAT_437_857_425,0,0,0.0
PAT_330_1437_458,1,1,1.0
PAT_950_1804_334,1,1,1.0
PAT_1153_555_98,0,0,0.0
PAT_373_2598_514,0,0,0.0
PAT_847_1610_165,1,1,1.0
PAT_323_686_356,1,1,1.0
PAT_645_1222_140,1,0,0.0
PAT_708_1333_222,1,0,0.0
PAT_354_1814_153,0,1,1.0
PAT_632_1206_637,1,0,0.0
PAT_1480_1673_701,0,0,0.0
PAT_683_1297_839,1,0,0.0
PAT_1946_3924_929,0,1,1.0
PAT_1680_3038_587,0,1,1.0
PAT_1340_1207_304,0,1,1.0
PAT_791_1487_906,0,1,1.0
PAT_44_63_151,0,0,0.0
PAT_912_1729_244,1,1,1.0
PAT_935_1781_920,1,0,0.0
PAT_1411_1415_723,0,0,0.0
PAT_316_1457_353,0,1,1.0
PAT_416_824_540,1,0,0.0
PAT_1403_1392_407,0,0,0.0
PAT_757_4220_942,0,0,0.0
PAT_1624_2807_679,0,1,1.0
PAT_679_1286_933,1,1,1.0
PAT_753_1834_712,0,0,0.0
PAT_668_1259_681,1,1,1.0
PAT_976_1837_861,1,0,0.0
PAT_416_826_123,1,1,1.0
PAT_93_142_269,1,1,1.0
PAT_2042_4301_636,0,0,0.0
PAT_526_991_109,1,0,0.0
PAT_995_1867_5,1,1,1.0
PAT_388_4500_103,0,1,1.0
PAT_1335_1181_21,0,0,0.0
PAT_1260_894_63,0,0,0.0
PAT_20_30_44,1,0,0.0
PAT_279_1393_118,1,0,0.0
PAT_201_306_781,0,1,1.0
PAT_762_1436_414,1,0,0.0
PAT_935_1781_341,1,1,1.0
PAT_1246_846_899,0,0,0.0
PAT_997_14_40,0,0,0.0
PAT_645_1500_364,1,0,0.0
PAT_677_1349_541,1,0,0.0
PAT_1477_1660_226,0,0,0.0
PAT_85_129_980,0,1,1.0
PAT_1666_2985_968,0,0,0.0
PAT_1813_3562_195,0,1,1.0
PAT_257_396_494,1,0,0.0
PAT_650_1241_329,1,0,0.0
PAT_112_171_863,1,0,0.0
PAT_363_745_516,1,1,1.0
PAT_1074_322_242,0,1,1.0
PAT_388_1590_169,1,1,1.0
PAT_13_21_350,1,0,0.0
PAT_698_1150_510,0,0,0.0
PAT_147_219_206,1,0,0.0
PAT_616_1169_3,0,1,1.0
PAT_2011_4140_787,0,0,0.0
PAT_583_1112_886,1,1,1.0
PAT_1315_1110_317,0,0,0.0
PAT_2046_4323_394,0,0,0.0
PAT_715_1339_508,0,1,1.0
PAT_572_1086_130,1,1,1.0
PAT_720_1362_700,1,0,0.0
PAT_14_22_850,1,1,1.0
PAT_139_207_342,1,0,0.0
PAT_867_1650_901,1,0,0.0
PAT_274_423_374,1,1,1.0
PAT_172_266_950,1,1,1.0
PAT_1042_187_746,0,1,1.0
PAT_649_1233_229,0,0,0.0
PAT_601_1147_943,1,0,0.0
PAT_107_160_609,0,1,1.0
PAT_457_890_255,0,1,1.0
PAT_160_248_254,1,0,0.0
PAT_82_125_907,1,0,0.0
PAT_1978_4004_82,0,0,0.0
PAT_1699_3126_673,0,1,1.0
PAT_1653_2916_346,0,1,1.0
PAT_1365_1253_912,0,0,0.0
PAT_627_1188_503,0,0,0.0
PAT_934_1777_423,0,0,0.0
PAT_570_1085_344,1,1,1.0
PAT_45_65_551,0,1,1.0
PAT_698_1319_166,1,0,0.0
PAT_1546_1872_824,0,0,0.0
PAT_311_667_416,1,1,1.0
PAT_370_2558_573,0,1,1.0
PAT_771_1488_562,1,1,1.0
PAT_1439_1521_868,0,0,0.0
PAT_693_1313_304,0,1,1.0
PAT_973_1839_34,0,0,0.0
PAT_1794_3435_711,0,1,1.0
PAT_217_333_61,1,1,1.0
PAT_488_931_321,1,1,1.0
PAT_1833_3599_827,0,0,0.0
PAT_299_1455_759,1,1,1.0
PAT_230_1007_645,0,0,0.0
PAT_478_916_806,1,1,1.0
PAT_1790_3427_723,0,1,1.0
PAT_801_1518_574,1,0,0.0
PAT_413_819_268,1,1,1.0
PAT_830_1565_911,1,1,1.0
PAT_68_105_871,1,1,1.0
PAT_1603_2704_969,0,0,0.0
PAT_563_1070_63,1,1,1.0
